code,country_en,country_de,status,law,in_force_date,cjeu_referral,note_en,note_de
AT,Austria,Österreich,in_force,NISG 2026 (BGBl. I Nr. 94/2025),2026-10-01,false,Adopted by the Nationalrat on 12 Dec 2025; in force since 1 Oct 2026. Initial registration with the Bundesamt für Cybersicherheit is due by 1 Jan 2027 (the authority accepts filings until 4 Jan 2027).,"Vom Nationalrat am 12.12.2025 beschlossen, seit 1.10.2026 in Kraft. Die Erstregistrierung beim Bundesamt für Cybersicherheit ist bis 1.1.2027 fällig (die Behörde nimmt Registrierungen bis spätestens 4.1.2027 an)."
BE,Belgium,Belgien,in_force,Loi du 26 avril 2024,2024-10-18,false,One of the first full transpositions; supervised by the CCB.,Eine der ersten vollständigen Umsetzungen; Aufsicht durch das CCB.
BG,Bulgaria,Bulgarien,in_force,"Cybersecurity Act, amended (State Gazette 17/2026)",2026-02-17,false,"Amendments adopted 5 Feb 2026, in force 17 Feb 2026 with no general transition period; fines are halved for breaches committed before 1 Jun 2026. Since SG 55/2026 the competent ministry is the Ministry of Innovation and Digital Transformation.","Änderungen am 5.2.2026 beschlossen, seit 17.2.2026 ohne allgemeine Übergangsfrist in Kraft; für Verstöße vor dem 1.6.2026 gelten halbierte Bußgelder. Seit SG 55/2026 ist das Ministerium für Innovation und digitale Transformation zuständig."
HR,Croatia,Kroatien,in_force,Zakon o kibernetičkoj sigurnosti (NN 14/2024),2024-02-15,false,Transposed ahead of the EU deadline.,Vor Ablauf der EU-Frist umgesetzt.
CY,Cyprus,Zypern,in_force,Law 60(I)/2025 amending Law 89(I)/2020,2025-04-25,false,Competent authority: Digital Security Authority (DSA).,Zuständige Behörde: Digital Security Authority (DSA).
CZ,Czechia,Tschechien,in_force,Zákon č. 264/2025 Sb. (ZoKB),2025-11-01,false,Goes beyond NIS2 on supply-chain rules for strategically significant services.,Geht bei der Lieferkette strategisch bedeutsamer Dienste über NIS2 hinaus.
DK,Denmark,Dänemark,in_force,NIS 2-loven (Lov nr. 434 af 6. maj 2025),2025-07-01,false,"General act in force since 1 Jul 2025; energy, telecom and certain financial entities are covered by sector-specific laws.","Allgemeines Gesetz, seit 1.7.2025 in Kraft; Energie, Telekommunikation und bestimmte Finanzunternehmen fallen unter sektorspezifische Gesetze."
EE,Estonia,Estland,in_force,"Küberturvalisuse seadus, amended by RT I, 30.12.2025, 4",2026-01-01,false,Amending act adopted 10 Dec 2025 and in force since 1 Jan 2026; supervised by the Information System Authority (RIA). Newly covered entities have three years to meet the requirements.,"Änderungsgesetz am 10.12.2025 beschlossen, seit 1.1.2026 in Kraft; Aufsicht durch die Informationssystembehörde (RIA). Neu erfasste Einrichtungen haben drei Jahre Zeit, die Anforderungen umzusetzen."
FI,Finland,Finnland,in_force,Kyberturvallisuuslaki 124/2025,2025-04-08,false,In force since 8 Apr 2025. Supervision is split between Traficom and sector authorities; Traficom's National Cyber Security Centre is the single point of contact.,Seit 8.4.2025 in Kraft. Die Aufsicht teilen sich Traficom und sektorale Behörden; das Nationale Zentrum für Cybersicherheit bei Traficom ist zentrale Anlaufstelle.
FR,France,Frankreich,pending,Projet de loi relatif à la résilience des infrastructures critiques et au renforcement de la cybersécurité,,true,Senate adopted 12 Mar 2025; Assembly committee text 10 Sep 2025. The plenary debate set for 7 Oct 2026 was withdrawn on 6 Oct with no new date. Referred to the CJEU on 8 Jul 2026.,"Senat hat am 12.3.2025 zugestimmt, Ausschussfassung der Nationalversammlung vom 10.9.2025. Die für den 7.10.2026 angesetzte Plenardebatte wurde am 6.10. ohne neuen Termin abgesetzt. EuGH-Klage seit 8.7.2026."
DE,Germany,Deutschland,in_force,NIS2UmsuCG (BGBl. 2025 I Nr. 301) / BSIG,2025-12-06,false,Registration with the BSI was due by 6 Mar 2026 (§ 33 BSIG); entities not yet registered must register without delay.,Die Registrierungsfrist beim BSI endete am 6.3.2026 (§ 33 BSIG); noch nicht registrierte Einrichtungen müssen sich umgehend registrieren.
GR,Greece,Griechenland,in_force,Law 5160/2024 (ΦΕΚ Α' 195/27.11.2024),,false,Published on 27 Nov 2024; essential and important entities register with the National Cybersecurity Authority via gov.gr.,Am 27.11.2024 verkündet; wesentliche und wichtige Einrichtungen registrieren sich über gov.gr bei der Nationalen Cybersicherheitsbehörde.
HU,Hungary,Ungarn,in_force,Act LXIX of 2024 on the cybersecurity of Hungary (Magyar Közlöny 2024/130),2025-01-01,false,In force since 1 Jan 2025. The SZTFH supervises companies; public bodies are supervised by the national cybersecurity authority (Special Service for National Security).,"Seit 1.1.2025 in Kraft. Unternehmen beaufsichtigt die SZTFH, öffentliche Stellen die nationale Cybersicherheitsbehörde (Nationaler Sicherheitsfachdienst)."
IE,Ireland,Irland,pending,National Cyber Security Bill,,true,Bill not yet introduced in the Oireachtas; listed for priority publication in the Autumn 2026 legislation programme. Referred to the CJEU on 8 Jul 2026.,"Gesetzentwurf noch nicht im Parlament eingebracht, im Gesetzgebungsprogramm Herbst 2026 aber als vorrangig gelistet. EuGH-Klage seit 8.7.2026."
IT,Italy,Italien,in_force,"D.Lgs. 4 settembre 2024, n. 138 (GU n. 230 of 1 Oct 2024)",2024-10-16,false,Supervised by the ACN. Entities listed in 2025 must have the baseline security measures in place by October 2026.,Aufsicht durch die ACN. 2025 erfasste Einrichtungen müssen die Basis-Sicherheitsmaßnahmen bis Oktober 2026 umgesetzt haben.
LV,Latvia,Lettland,in_force,"Nacionālās kiberdrošības likums (Latvijas Vēstnesis 128A, 4 Jul 2024)",2024-09-01,false,In force since 1 Sep 2024; the National Cybersecurity Centre at the Ministry of Defence is the competent authority. Amended with effect from 18 Jun 2026.,Seit 1.9.2024 in Kraft; zuständige Behörde ist das Nationale Cybersicherheitszentrum beim Verteidigungsministerium. Änderung zum 18.6.2026.
LT,Lithuania,Litauen,in_force,"Kibernetinio saugumo įstatymas Nr. XII-1428, as amended by Law No XIV-2902 (TAR 2024-13535)",2024-10-18,false,Among the four states never sent a formal notice.,Gehörte zu den vier Staaten ohne Aufforderungsschreiben.
LU,Luxembourg,Luxemburg,in_force,Loi du 5 mai 2026 (Mémorial A n° 225),2026-05-10,false,Self-registration with the ILR was due by 10 Jul 2026.,Selbstregistrierung beim ILR war bis 10.7.2026 fällig.
MT,Malta,Malta,in_force,"S.L. 460.41 (LN 71/2025, amended by LN 89/2026)",2026-01-23,false,Order made by LN 71/2025 in April 2025 but only brought into force on 23 Jan 2026 (LN 22/2026); amended by LN 89/2026. The CIP Department is the national supervisory authority.,"Die Verordnung (LN 71/2025) stammt vom April 2025, gilt aber erst seit 23.1.2026 (LN 22/2026); geändert durch LN 89/2026. Nationale Aufsichtsbehörde ist das CIP Department."
NL,Netherlands,Niederlande,in_force,"Cyberbeveiligingswet (Stb. 2026, 187)",2026-08-15,true,"In force 15 Aug 2026, five weeks after the CJEU referral of 8 Jul 2026; Wbni repealed. Registration with the NCSC (via MijnNCSC) has been mandatory since that date.","Seit 15.8.2026 in Kraft, fünf Wochen nach der EuGH-Klage vom 8.7.2026; Wbni aufgehoben. Seitdem ist die Registrierung beim NCSC (über MijnNCSC) Pflicht."
PL,Poland,Polen,in_force,"Ustawa o KSC, amended (Dz.U. 2026 poz. 252)",2026-04-03,false,"Amending act of 23 Jan 2026, in force 3 Apr 2026. The self-registration deadline for the KSC register was 3 Oct 2026; obligations must be implemented by 3 Apr 2027, and fines can be imposed only from 3 Apr 2028.","Änderungsgesetz vom 23.1.2026, in Kraft seit 3.4.2026. Die Frist zur Selbstregistrierung im KSC-Verzeichnis lief am 3.10.2026 ab; die Pflichten sind bis 3.4.2027 umzusetzen, Bußgelder erst ab 3.4.2028 möglich."
PT,Portugal,Portugal,in_force,Decreto-Lei n.º 125/2025,2026-04-03,false,In force 3 Apr 2026. Entities must self-identify on the CNCS MyCiber platform; most security measures apply 24 months after the CNCS implementing regulation of 22 Jun 2026.,Seit 3.4.2026 in Kraft. Einrichtungen müssen sich auf der CNCS-Plattform MyCiber selbst identifizieren; die meisten Sicherheitsmaßnahmen gelten 24 Monate nach der CNCS-Durchführungsverordnung vom 22.6.2026.
RO,Romania,Rumänien,in_force,"OUG 155/2024, approved by Law 124/2025",2024-12-31,false,"Emergency ordinance in force since 31 Dec 2024, with DNSC as the competent authority; approved with amendments by Law 124/2025 (in force 10 Jul 2025).","Eilverordnung seit 31.12.2024 in Kraft, zuständige Behörde ist das DNSC; durch Gesetz 124/2025 mit Änderungen bestätigt (in Kraft seit 10.7.2025)."
SK,Slovakia,Slowakei,in_force,Act 366/2024 amending Act 69/2018,2025-01-01,false,"Amendment of the 2018 Cybersecurity Act, in force 1 Jan 2025 and supervised by the National Security Authority (NBÚ). Transitional rules for existing operators of essential services expire on 31 Dec 2026.","Novelle des Cybersicherheitsgesetzes von 2018, in Kraft seit 1.1.2025, Aufsicht durch das Nationale Sicherheitsamt (NBÚ). Übergangsregeln für bisherige Betreiber wesentlicher Dienste laufen am 31.12.2026 aus."
SI,Slovenia,Slowenien,in_force,ZInfV-1 (Uradni list RS 40/2025),2025-06-19,false,"New Information Security Act in force 19 Jun 2025, supervised by the Government Information Security Office (URSIV); existing entities had to self-register within six months (by Dec 2025).","Neues Informationssicherheitsgesetz, seit 19.6.2025 in Kraft, Aufsicht durch das Regierungsamt für Informationssicherheit (URSIV); bestehende Einrichtungen mussten sich binnen sechs Monaten (bis Dezember 2025) selbst registrieren."
ES,Spain,Spanien,pending,Anteproyecto de Ley de Coordinación y Gobernanza de la Ciberseguridad,,true,Draft approved by the Council of Ministers on 14 Jan 2025 but never sent to parliament; referred to the CJEU on 8 Jul 2026. The Cortes were dissolved in Oct 2026 for elections on 29 Nov 2026.,"Entwurf am 14.1.2025 vom Ministerrat gebilligt, aber nie ins Parlament eingebracht; EuGH-Klage seit 8.7.2026. Die Cortes wurden im Oktober 2026 aufgelöst, Neuwahlen am 29.11.2026."
SE,Sweden,Schweden,in_force,Cybersäkerhetslag (SFS 2025:1506),2026-01-15,false,"Cybersecurity Act in force 15 Jan 2026, replacing the 2018 NIS Act. Since 1 Jul 2026 the National Defence Radio Establishment (FRA) has been the single point of contact and CSIRT, so registrations and incident reports go to it.","Cybersicherheitsgesetz seit 15.1.2026 in Kraft, ersetzt das NIS-Gesetz von 2018. Seit 1.7.2026 ist die Försvarets radioanstalt (FRA) zentrale Anlaufstelle und CSIRT; Registrierungen und Vorfallmeldungen gehen an sie."
