date,framework,milestone_en,milestone_de
2024-05-20,eIDAS 2,eIDAS 2 (Regulation (EU) 2024/1183) enters into force,eIDAS 2 (Verordnung (EU) 2024/1183) tritt in Kraft
2024-08-01,AI Act,AI Act enters into force,KI-Verordnung tritt in Kraft
2024-10-17,NIS2,"NIS2 and CER transposition deadline for member states (Art. 41 NIS2, Art. 26 CER)","Umsetzungsfrist für NIS2 und CER in den Mitgliedstaaten (Art. 41 NIS2, Art. 26 CER)"
2024-10-18,NIS2,National NIS2 and CER measures apply; NIS1 repealed,Nationale NIS2- und CER-Vorschriften gelten; NIS1 aufgehoben
2024-11-28,NIS2,Commission sends letters of formal notice to 23 member states for incomplete NIS2 transposition,Kommission mahnt 23 Mitgliedstaaten wegen unvollständiger NIS2-Umsetzung ab (Aufforderungsschreiben)
2024-12-10,CRA,Cyber Resilience Act enters into force,Cyber Resilience Act tritt in Kraft
2025-01-17,DORA,DORA applies to financial entities (Art. 64); oversight of critical ICT third-party providers starts once the ESAs designate them,DORA gilt für Finanzunternehmen (Art. 64); die Aufsicht über kritische IKT-Drittdienstleister beginnt mit ihrer Benennung durch die ESA
2025-01-17,NIS2,"NIS2 Art. 27(2): DNS providers, TLD registries, domain registrars, cloud, data-centre, CDN, managed (security) service providers, online marketplaces, search engines and social networks submit registry information to national authorities","NIS2 Art. 27 Abs. 2: DNS-Diensteanbieter, TLD-Namenregister, Domainregistrierungsdienste, Cloud-, Rechenzentrums-, CDN- und (Sicherheits-)Managed-Service-Anbieter sowie Online-Marktplätze, Suchmaschinen und soziale Netzwerke übermitteln Registerangaben an die nationalen Behörden"
2025-02-02,AI Act,AI Act: prohibited practices (Art. 5) and AI-literacy duty (Art. 4) apply,KI-Verordnung: verbotene Praktiken (Art. 5) und KI-Kompetenzpflicht (Art. 4) gelten
2025-04-17,NIS2,NIS2 Art. 3(3): member states establish lists of essential and important entities,NIS2 Art. 3 Abs. 3: Mitgliedstaaten erstellen Listen wesentlicher und wichtiger Einrichtungen
2025-05-07,NIS2,Commission sends reasoned opinions to 19 member states on NIS2 transposition,Kommission übermittelt 19 Mitgliedstaaten mit Gründen versehene Stellungnahmen zur NIS2-Umsetzung
2025-08-02,AI Act,AI Act: obligations for general-purpose AI models apply,KI-Verordnung: Pflichten für KI-Modelle mit allgemeinem Verwendungszweck gelten
2025-12-06,Germany,"Germany: NIS2UmsuCG enters into force, BSIG recast (published in the Federal Law Gazette on 5 December 2025)","Deutschland: NIS2UmsuCG tritt in Kraft, BSIG neu gefasst (BGBl. vom 5. Dezember 2025)"
2026-01-06,Germany,Germany: BSI registration portal for NIS2 entities opens,Deutschland: BSI-Registrierungsportal für NIS2-Einrichtungen geöffnet
2026-01-17,CER,"CER: member states adopt a critical-entities resilience strategy and complete the national risk assessment (Art. 4, Art. 5)","CER: Mitgliedstaaten verabschieden Resilienzstrategie und schließen nationale Risikobewertung ab (Art. 4, Art. 5)"
2026-03-06,Germany,Germany: statutory registration deadline under § 33 BSIG (three months after entry into force),Deutschland: gesetzliche Registrierungsfrist nach § 33 BSIG (drei Monate nach Inkrafttreten)
2026-03-16,Germany,Germany: KRITIS-Dachgesetz promulgated in the Federal Law Gazette,Deutschland: KRITIS-Dachgesetz im Bundesgesetzblatt verkündet
2026-06-11,CRA,CRA Chapter IV applies: notifying authorities and notified bodies (Art. 35–51),CRA Kapitel IV gilt: notifizierende Behörden und notifizierte Stellen (Art. 35–51)
2026-07-08,NIS2,"Commission refers Ireland, Spain, France and the Netherlands to the Court of Justice, requesting lump-sum and daily penalties","Kommission verklagt Irland, Spanien, Frankreich und die Niederlande vor dem EuGH und beantragt Pauschalbetrag und Zwangsgeld"
2026-07-17,CER,CER: member states identify critical entities (Art. 6(1)),CER: Mitgliedstaaten identifizieren kritische Einrichtungen (Art. 6 Abs. 1)
2026-07-27,AI Act,Digital Omnibus on AI (Regulation (EU) 2026/1744) enters into force,Digital Omnibus zur KI (Verordnung (EU) 2026/1744) tritt in Kraft
2026-07-31,Germany,Germany: date by which the BSI expected all overdue NIS2 registrations to be completed (BSI letter to industry associations of 12 June 2026; not a statutory deadline),"Deutschland: Termin, bis zu dem das BSI den Abschluss aller überfälligen NIS2-Registrierungen erwartete (BSI-Schreiben an Wirtschaftsverbände vom 12. Juni 2026; keine gesetzliche Frist)"
2026-08-02,AI Act,AI Act: Article 50 transparency obligations apply (systems generating synthetic content placed on the market before this date have until 2 December 2026 to comply with Art. 50(2) - Regulation (EU) 2026/1744),"KI-Verordnung: Transparenzpflichten nach Art. 50 gelten (für vor diesem Datum in Verkehr gebrachte Systeme, die synthetische Inhalte erzeugen, gilt Art. 50 Abs. 2 erst ab 2. Dezember 2026 – Verordnung (EU) 2026/1744)"
2026-08-15,Member state,"Netherlands: Cyberbeveiligingswet (Stb. 2026, 187) enters into force","Niederlande: Cyberbeveiligingswet (Stb. 2026, 187) tritt in Kraft"
2026-09-11,CRA,CRA Article 14 applies: manufacturers report actively exploited vulnerabilities and severe incidents to their coordinating CSIRT and ENISA via the single reporting platform (Art. 71(2)),CRA Art. 14 gilt: Hersteller melden aktiv ausgenutzte Schwachstellen und schwerwiegende Vorfälle über die zentrale Meldeplattform an das koordinierende CSIRT und die ENISA (Art. 71 Abs. 2)
2026-10-01,Member state,"Austria: NISG 2026 (BGBl. I No. 94/2025) enters into force, replacing the NISG 2018",Österreich: NISG 2026 (BGBl. I Nr. 94/2025) tritt in Kraft und löst das NISG 2018 ab
