label,url
European Commission – NIS2 Directive policy page,https://digital-strategy.ec.europa.eu/en/policies/nis2-directive
European Commission – NIS2 transposition hub,https://digital-strategy.ec.europa.eu/en/policies/nis-transposition
European Commission – letters of formal notice to 23 member states (28 Nov 2024),https://digital-strategy.ec.europa.eu/en/news/commission-calls-23-member-states-fully-transpose-nis2-directive
"European Commission – referral of Ireland, Spain, France and the Netherlands to the Court of Justice (8 Jul 2026)",https://digital-strategy.ec.europa.eu/en/news/commission-refers-ireland-spain-france-and-netherlands-court-justice-failing-transpose-rules
European Commission – Cyber Resilience Act,https://digital-strategy.ec.europa.eu/en/policies/cyber-resilience-act
European Commission – AI Act,https://digital-strategy.ec.europa.eu/en/policies/regulatory-framework-ai
European Commission – European Digital Identity (EUDI) Regulation,https://digital-strategy.ec.europa.eu/en/policies/eudi-regulation
European Commission – Critical infrastructure resilience (CER),https://home-affairs.ec.europa.eu/policies/internal-security/counter-terrorism-and-radicalisation/protection/critical-infrastructure-resilience-eu-level_en
EIOPA – Digital Operational Resilience Act (DORA),https://www.eiopa.europa.eu/digital-operational-resilience-act-dora_en
BSI – NIS-2-regulierte Unternehmen,https://www.bsi.bund.de/DE/Themen/Regulierte-Wirtschaft/NIS-2-regulierte-Unternehmen/nis-2-regulierte-unternehmen_node.html
gesetze-im-internet.de – § 33 BSIG (Registrierungspflicht),https://www.gesetze-im-internet.de/bsig_2025/__33.html
gesetze-im-internet.de – § 39 BSIG (Nachweispflichten),https://www.gesetze-im-internet.de/bsig_2025/__39.html
Deutscher Bundestag – KRITIS-Dachgesetz beschlossen,https://www.bundestag.de/dokumente/textarchiv/2026/kw05-de-kritische-infrastruktur-1137002
Rijksoverheid – Cyberbeveiligingswet van kracht per 15 augustus 2026,https://www.rijksoverheid.nl/actueel/nieuws/2026/07/07/cyberbeveiligingswet-en-wet-weerbaarheid-kritieke-entiteiten-vanaf-15-augustus-2026-van-kracht
Parlament Österreich – NISG 2026,https://www.parlament.gv.at/gegenstand/XXVIII/BNR/126
